sequence,DNAse1_bendability
AAA,0.1
AAT,0
AAG,4.2
AAC,1.6
ATA,9.7
ATT,0
ATG,8.7
ATC,3.6
AGA,6.5
AGT,2
AGG,4.7
AGC,6.3
ACA,5.8
ACT,2
ACG,5.2
ACC,5.2
TAA,7.3
TAT,9.7
TAG,7.8
TAC,6.4
TTA,7.3
TTT,0.1
TTG,6.2
TTC,5.1
TGA,10
TGT,5.8
TGG,0.7
TGC,7.5
TCA,10
TCT,6.5
TCG,5.8
TCC,6.2
GAA,5.1
GAT,3.6
GAG,6.6
GAC,5.6
GTA,6.4
GTT,1.6
GTG,6.8
GTC,5.6
GGA,6.2
GGT,5.2
GGG,5.7
GGC,8.2
GCA,7.5
GCT,6.3
GCG,4.3
GCC,8.2
CAA,6.2
CAT,8.7
CAG,9.6
CAC,6.8
CTA,7.8
CTT,4.2
CTG,9.6
CTC,6.6
CGA,5.8
CGT,5.2
CGG,3
CGC,4.3
CCA,0.7
CCT,4.7
CCG,3
CCC,5.7